feature,coefficient,odds_ratio_per_sd,feature_group
APP_EXT_SOURCE_2,-0.4257786176707297,0.6532609465436201,Application
APP_EXT_SOURCE_3,-0.3920628502018006,0.6756616471552438,Application
APP_EXT_SOURCE_1,-0.2502220808324711,0.7786278455489365,Application
INST_LATE_PAYMENT_RATIO,0.21132544809736434,1.2353143203436312,Alternative Behaviour
PREV_APPROVED_COUNT,-0.17090176010955066,0.8429043762378668,Alternative Behaviour
APP_DAYS_EMPLOYED,0.14411791346804084,1.1550202929441657,Application
missingindicator_APP_EXT_SOURCE_1,0.1378707798182223,1.1478272182488478,Missingness indicator
BUREAU_DEBT_RATIO,0.13436707955905747,1.1438126128207446,Traditional Credit
BUREAU_ACTIVE_COUNT,0.1303790335856556,1.139260119346257,Traditional Credit
APP_ANNUITY_INCOME_RATIO,0.10221202125929692,1.1076182854580054,Application
missingindicator_APP_EXT_SOURCE_3,0.10060772566714726,1.1058427629371526,Missingness indicator
PREV_APP_COUNT,0.09696448037755517,1.101821236651622,Alternative Behaviour
PREV_REFUSED_COUNT,0.09339012766644092,1.0978899689813486,Alternative Behaviour
APP_DAYS_BIRTH,0.08760133075684351,1.0915528667172703,Application
INST_TOTAL_COUNT,0.07404235565711947,1.0768524153219676,Alternative Behaviour
BUREAU_CREDIT_COUNT,-0.06679296755430643,0.9353888371302645,Traditional Credit
BUREAU_TOTAL_CREDIT,-0.059922540776654716,0.9418374847589285,Traditional Credit
APP_INCOME_TOTAL,0.05362106000601835,1.05508471259815,Application
BUREAU_AVG_DAYS_CREDIT,0.05289568761439555,1.0543196607840855,Traditional Credit
INST_PAYMENT_MISSING_COUNT,0.04568687896960755,1.0467466012632136,Alternative Behaviour
INST_LATE_PAYMENT_COUNT,-0.03425011422694243,0.9663297815832872,Alternative Behaviour
APP_CREDIT_AMOUNT,-0.03248899604968304,0.9680331019608573,Application
APP_ANNUITY,0.02745479042373604,1.027835146065415,Application
BUREAU_TOTAL_DEBT,-0.02495632041343321,0.975352514092478,Traditional Credit
APP_CREDIT_INCOME_RATIO,0.012685403675005045,1.012766204711307,Application
INST_UNDERPAYMENT_COUNT,-0.00878997305925154,0.9912485458113734,Alternative Behaviour
missingindicator_BUREAU_DEBT_RATIO,0.0018018979844132376,1.0018035223781037,Missingness indicator
missingindicator_APP_EXT_SOURCE_2,0.0012202993440895804,1.0012210442122909,Missingness indicator
