split,cohort,n,mean,median,p90,p99,maximum,share_below_0_01,share_above_0_5,share_below_0_001,share_above_0_99,note
train,Overall,215257,0.08061642639053067,0.051829327389569024,0.18184574212146462,0.40081511354725413,0.7919217079567816,0.012747552925108126,0.0030521655509460786,0.0,0.0,train predictions are in-sample; validation/test are held-out
train,Thin-file,30913,0.1012752544454806,0.07462885042441382,0.21283806614189973,0.4240843025848763,0.780621786090583,0.003073140749846343,0.00391421084980429,0.0,0.0,train predictions are in-sample; validation/test are held-out
train,Non-thin-file,184344,0.07715210777065333,0.048452290271304516,0.1755468915453934,0.39667624920048944,0.7919217079567816,0.01436987371436011,0.0029076075163824155,0.0,0.0,train predictions are in-sample; validation/test are held-out
validation,Overall,46127,0.0807367013539233,0.05170734988647599,0.18350808940644953,0.40179474815874,0.7469830668632389,0.013159321005051272,0.0028833438116504435,0.0,0.0,train predictions are in-sample; validation/test are held-out
validation,Thin-file,6573,0.10008996361269773,0.07294200015729517,0.2133591426967666,0.4118769549876965,0.6711751644569727,0.003651300775901415,0.0025863380495968354,0.0,0.0,train predictions are in-sample; validation/test are held-out
validation,Non-thin-file,39554,0.07752061719487681,0.04847403408838748,0.1763915368867144,0.40047356863264477,0.7469830668632389,0.014739343682054913,0.002932699600546089,0.0,0.0,train predictions are in-sample; validation/test are held-out
test,Overall,46127,0.08062638720414946,0.05184704888870862,0.1815054394374442,0.4039630011084633,0.8145230318944094,0.012422225594554165,0.0035554013918095693,0.0,0.0,train predictions are in-sample; validation/test are held-out
test,Thin-file,6534,0.09987973322025122,0.07384800920835391,0.21232200714012586,0.4112562036558536,0.8145230318944094,0.004591368227731864,0.0032139577594123047,0.0,0.0,train predictions are in-sample; validation/test are held-out
test,Non-thin-file,39593,0.07744902345628471,0.04870590426211566,0.1753292705553503,0.40124827554306713,0.7289682056784128,0.013714545500467254,0.00361174955168843,0.0,0.0,train predictions are in-sample; validation/test are held-out
