population,measure,n,share
Full thin-file population,Population size,44020,1.0
Full thin-file population,Any previous-application or installment history,41780,0.9491140390731486
Full thin-file population,Previous-application history,41550,0.9438891412994094
Full thin-file population,No previous applications,2470,0.05611085870059064
Full thin-file population,"Previous history, zero approvals",117,0.0026578827805542934
Full thin-file population,"Previous history, positive approvals",41433,0.941231258518855
Full thin-file population,"Previous history, zero refusals",29864,0.6784189004997728
Full thin-file population,"Previous history, positive refusals",11686,0.26547024079963655
Full thin-file population,Installment history,41640,0.9459336665152204
Full thin-file population,No installment history,2380,0.05406633348477965
Full thin-file population,Installment history with missing payment information,252,0.005724670604270786
Full thin-file population,"Installment history, zero recorded late payments",21079,0.4788505224897774
Full thin-file population,"Installment history, positive recorded late payments",20561,0.467083144025443
Full thin-file population,"Installment history, zero underpayments",24996,0.5678328032712403
Full thin-file population,"Installment history, positive underpayments",16644,0.37810086324398
Thin-file test,Population size,6534,1.0
Thin-file test,Any previous-application or installment history,6193,0.9478114478114478
Thin-file test,Previous-application history,6163,0.9432200795837159
Thin-file test,No previous applications,371,0.05677992041628405
Thin-file test,"Previous history, zero approvals",13,0.0019895928986838076
Thin-file test,"Previous history, positive approvals",6150,0.9412304866850322
Thin-file test,"Previous history, zero refusals",4423,0.6769207223752678
Thin-file test,"Previous history, positive refusals",1740,0.2662993572084481
Thin-file test,Installment history,6169,0.9441383532292623
Thin-file test,No installment history,365,0.05586164677073768
Thin-file test,Installment history with missing payment information,35,0.0053565962656871744
Thin-file test,"Installment history, zero recorded late payments",3115,0.47673706764615853
Thin-file test,"Installment history, positive recorded late payments",3054,0.4674012855831038
Thin-file test,"Installment history, zero underpayments",3696,0.5656565656565656
Thin-file test,"Installment history, positive underpayments",2473,0.3784817875726967
