bin,lower,upper,n,mean_predicted,observed_rate,cohort,method
1,0.0,0.06666666666666667,27628,0.03531780745852108,0.0342768206167656,Overall,uncalibrated
2,0.06666666666666667,0.13333333333333333,10759,0.09362396476417052,0.0947114044056139,Overall,uncalibrated
3,0.13333333333333333,0.2,3997,0.16190193062859426,0.1618714035526645,Overall,uncalibrated
4,0.2,0.26666666666666666,1891,0.22996580825662985,0.22104706504494975,Overall,uncalibrated
5,0.26666666666666666,0.3333333333333333,935,0.29525290392898423,0.31978609625668447,Overall,uncalibrated
6,0.3333333333333333,0.4,480,0.3614833082701867,0.3645833333333333,Overall,uncalibrated
7,0.4,0.4666666666666667,225,0.4303268184825385,0.4533333333333333,Overall,uncalibrated
8,0.4666666666666667,0.5333333333333333,128,0.4973361382731577,0.5234375,Overall,uncalibrated
9,0.5333333333333333,0.6,63,0.5620894698893837,0.6031746031746031,Overall,uncalibrated
10,0.6,0.6666666666666666,16,0.6247236874030488,0.4375,Overall,uncalibrated
11,0.6666666666666666,0.7333333333333333,4,0.6962868054971086,1.0,Overall,uncalibrated
13,0.8,0.8666666666666667,1,0.8016312812857932,1.0,Overall,uncalibrated
1,0.0,0.06666666666666667,27852,0.034615887203299986,0.0346115180238403,Overall,sigmoid
2,0.06666666666666667,0.13333333333333333,10493,0.09358099947217652,0.09482512150957781,Overall,sigmoid
3,0.13333333333333333,0.2,3956,0.162074279986805,0.16127401415571285,Overall,sigmoid
4,0.2,0.26666666666666666,1874,0.2301850435745084,0.2193169690501601,Overall,sigmoid
5,0.26666666666666666,0.3333333333333333,975,0.2956299198149201,0.30666666666666664,Overall,sigmoid
6,0.3333333333333333,0.4,498,0.3628188637221756,0.3634538152610442,Overall,sigmoid
7,0.4,0.4666666666666667,231,0.4292510619908716,0.43722943722943725,Overall,sigmoid
8,0.4666666666666667,0.5333333333333333,143,0.495594747744721,0.5104895104895105,Overall,sigmoid
9,0.5333333333333333,0.6,75,0.5622482081105286,0.5866666666666667,Overall,sigmoid
10,0.6,0.6666666666666666,24,0.625448362092006,0.5,Overall,sigmoid
11,0.6666666666666666,0.7333333333333333,5,0.7019423801087676,1.0,Overall,sigmoid
13,0.8,0.8666666666666667,1,0.8145230318944094,1.0,Overall,sigmoid
1,0.0,0.06666666666666667,27111,0.03313830233301817,0.033787023717310315,Overall,isotonic
2,0.06666666666666667,0.13333333333333333,12126,0.09710505933965136,0.09780636648523833,Overall,isotonic
3,0.13333333333333333,0.2,2811,0.16888467460990345,0.15866239772323018,Overall,isotonic
4,0.2,0.26666666666666666,2137,0.2128555093652879,0.21572297613476837,Overall,isotonic
5,0.26666666666666666,0.3333333333333333,989,0.2841183434461637,0.3134479271991911,Overall,isotonic
6,0.3333333333333333,0.4,389,0.375629100708072,0.35732647814910024,Overall,isotonic
7,0.4,0.4666666666666667,224,0.45463587040572706,0.3794642857142857,Overall,isotonic
8,0.4666666666666667,0.5333333333333333,262,0.5094771867640909,0.5114503816793893,Overall,isotonic
9,0.5333333333333333,0.6,1,0.5641484937699582,0.0,Overall,isotonic
10,0.6,0.6666666666666666,74,0.6078889700511322,0.5945945945945946,Overall,isotonic
15,0.9333333333333333,1.0,3,0.9999999,1.0,Overall,isotonic
1,0.0,0.06666666666666667,2941,0.040360660506468665,0.04046242774566474,Thin-file,uncalibrated
2,0.06666666666666667,0.13333333333333333,2040,0.09450715298057281,0.09803921568627451,Thin-file,uncalibrated
3,0.13333333333333333,0.2,834,0.16223249612631319,0.15227817745803357,Thin-file,uncalibrated
4,0.2,0.26666666666666666,386,0.22909397761058972,0.21761658031088082,Thin-file,uncalibrated
5,0.26666666666666666,0.3333333333333333,171,0.2939762428883025,0.3391812865497076,Thin-file,uncalibrated
6,0.3333333333333333,0.4,92,0.36152550883471096,0.34782608695652173,Thin-file,uncalibrated
7,0.4,0.4666666666666667,45,0.42708017598185627,0.5111111111111111,Thin-file,uncalibrated
8,0.4666666666666667,0.5333333333333333,14,0.4987618734852197,0.5,Thin-file,uncalibrated
9,0.5333333333333333,0.6,9,0.56133087156566,0.7777777777777778,Thin-file,uncalibrated
10,0.6,0.6666666666666666,1,0.6257741179748252,1.0,Thin-file,uncalibrated
13,0.8,0.8666666666666667,1,0.8016312812857932,1.0,Thin-file,uncalibrated
1,0.0,0.06666666666666667,2977,0.039699718795437496,0.03997312730937185,Thin-file,sigmoid
2,0.06666666666666667,0.13333333333333333,1999,0.09446814269165546,0.09854927463731866,Thin-file,sigmoid
3,0.13333333333333333,0.2,820,0.1624729641948212,0.15121951219512195,Thin-file,sigmoid
4,0.2,0.26666666666666666,383,0.2289555065386346,0.21409921671018275,Thin-file,sigmoid
5,0.26666666666666666,0.3333333333333333,184,0.2943702139786362,0.33695652173913043,Thin-file,sigmoid
6,0.3333333333333333,0.4,91,0.36266820342961004,0.32967032967032966,Thin-file,sigmoid
7,0.4,0.4666666666666667,48,0.4249280397489111,0.5416666666666666,Thin-file,sigmoid
8,0.4666666666666667,0.5333333333333333,19,0.4940522020810524,0.47368421052631576,Thin-file,sigmoid
9,0.5333333333333333,0.6,10,0.5655179046817892,0.7,Thin-file,sigmoid
10,0.6,0.6666666666666666,2,0.6241707060353445,1.0,Thin-file,sigmoid
13,0.8,0.8666666666666667,1,0.8145230318944094,1.0,Thin-file,sigmoid
1,0.0,0.06666666666666667,2852,0.03820254186852036,0.038569424964936885,Thin-file,isotonic
2,0.06666666666666667,0.13333333333333333,2310,0.09834251044386563,0.10216450216450217,Thin-file,isotonic
3,0.13333333333333333,0.2,580,0.1690004851487593,0.1482758620689655,Thin-file,isotonic
4,0.2,0.26666666666666666,438,0.21279232573980172,0.2054794520547945,Thin-file,isotonic
5,0.26666666666666666,0.3333333333333333,189,0.284000715112141,0.3386243386243386,Thin-file,isotonic
6,0.3333333333333333,0.4,65,0.37549757934373323,0.3384615384615385,Thin-file,isotonic
7,0.4,0.4666666666666667,52,0.4536391281968649,0.4230769230769231,Thin-file,isotonic
8,0.4666666666666667,0.5333333333333333,37,0.5092483187144486,0.5405405405405406,Thin-file,isotonic
9,0.5333333333333333,0.6,1,0.5641484937699582,0.0,Thin-file,isotonic
10,0.6,0.6666666666666666,9,0.6048048048048048,0.8888888888888888,Thin-file,isotonic
15,0.9333333333333333,1.0,1,0.9999999,1.0,Thin-file,isotonic
1,0.0,0.06666666666666667,24687,0.03471704467592239,0.03353991979584397,Non-thin-file,uncalibrated
2,0.06666666666666667,0.13333333333333333,8719,0.09341732364002091,0.09393279045762129,Non-thin-file,uncalibrated
3,0.13333333333333333,0.2,3163,0.16181476919163645,0.1644008852355359,Non-thin-file,uncalibrated
4,0.2,0.26666666666666666,1505,0.2301894139904315,0.22192691029900333,Non-thin-file,uncalibrated
5,0.26666666666666666,0.3333333333333333,764,0.29553864874306357,0.31544502617801046,Non-thin-file,uncalibrated
6,0.3333333333333333,0.4,388,0.3614733019507634,0.36855670103092786,Non-thin-file,uncalibrated
7,0.4,0.4666666666666667,180,0.4311384791077091,0.4388888888888889,Non-thin-file,uncalibrated
8,0.4666666666666667,0.5333333333333333,114,0.4971610479839571,0.5263157894736842,Non-thin-file,uncalibrated
9,0.5333333333333333,0.6,54,0.5622159029433376,0.5740740740740741,Non-thin-file,uncalibrated
10,0.6,0.6666666666666666,15,0.6246536586982636,0.4,Non-thin-file,uncalibrated
11,0.6666666666666666,0.7333333333333333,4,0.6962868054971086,1.0,Non-thin-file,uncalibrated
1,0.0,0.06666666666666667,24875,0.03400746241335854,0.03396984924623116,Non-thin-file,sigmoid
2,0.06666666666666667,0.13333333333333333,8494,0.09337221688496927,0.09394866964916411,Non-thin-file,sigmoid
3,0.13333333333333333,0.2,3136,0.16197003220282116,0.1639030612244898,Non-thin-file,sigmoid
4,0.2,0.26666666666666666,1491,0.23050088038519898,0.22065727699530516,Non-thin-file,sigmoid
5,0.26666666666666666,0.3333333333333333,791,0.2959229487325892,0.2996207332490518,Non-thin-file,sigmoid
6,0.3333333333333333,0.4,407,0.36285254943869516,0.371007371007371,Non-thin-file,sigmoid
7,0.4,0.4666666666666667,183,0.43038496946417265,0.4098360655737705,Non-thin-file,sigmoid
8,0.4666666666666667,0.5333333333333333,124,0.4958311055480251,0.5161290322580645,Non-thin-file,sigmoid
9,0.5333333333333333,0.6,65,0.5617451778687963,0.5692307692307692,Non-thin-file,sigmoid
10,0.6,0.6666666666666666,22,0.6255645126426117,0.45454545454545453,Non-thin-file,sigmoid
11,0.6666666666666666,0.7333333333333333,5,0.7019423801087676,1.0,Non-thin-file,sigmoid
1,0.0,0.06666666666666667,24259,0.032542926960774786,0.03322478255492807,Non-thin-file,isotonic
2,0.06666666666666667,0.13333333333333333,9816,0.09681384988053005,0.09678076609616952,Non-thin-file,isotonic
3,0.13333333333333333,0.2,2231,0.16885456698438284,0.16136261766024204,Non-thin-file,isotonic
4,0.2,0.26666666666666666,1699,0.21287179802212305,0.2183637433784579,Non-thin-file,isotonic
5,0.26666666666666666,0.3333333333333333,800,0.28414613314007653,0.3075,Non-thin-file,isotonic
6,0.3333333333333333,0.4,324,0.37565548616696715,0.3611111111111111,Non-thin-file,isotonic
7,0.4,0.4666666666666667,172,0.4549372110735224,0.36627906976744184,Non-thin-file,isotonic
8,0.4666666666666667,0.5333333333333333,225,0.5095148228433654,0.5066666666666667,Non-thin-file,isotonic
10,0.6,0.6666666666666666,65,0.6083160083160083,0.5538461538461539,Non-thin-file,isotonic
15,0.9333333333333333,1.0,2,0.9999999,1.0,Non-thin-file,isotonic
