cohort,risk_band,SK_ID_CURR,predicted_PD,feature,feature_group,observed_value,training_median_replacement,PD_change_vs_median_replacement,direction,reason_code
Thin-file,High risk,262556,0.2738204352289417,APP_DAYS_EMPLOYED,Application,-12012.0,-1647.0,-0.19912385776776714,lowers risk vs median,Recorded employment duration (sentinel treated as missing) lowers this borrower's model PD relative to replacing it with the training median.
Thin-file,High risk,262556,0.2738204352289417,APP_ANNUITY,Application,20727.0,24903.0,-0.04859788440842838,lowers risk vs median,Current scheduled annuity lowers this borrower's model PD relative to replacing it with the training median.
Thin-file,High risk,262556,0.2738204352289417,PREV_APPROVED_COUNT,Alternative Behaviour,3.0,2.0,-0.0233609360765914,lowers risk vs median,Previous approvals lowers this borrower's model PD relative to replacing it with the training median.
Non-thin-file,High risk,449485,0.24552647505903857,APP_DAYS_BIRTH,Application,-10054.0,-15741.0,-0.015620220947473673,lowers risk vs median,Age at application lowers this borrower's model PD relative to replacing it with the training median.
Non-thin-file,High risk,449485,0.24552647505903857,INST_LATE_PAYMENT_RATIO,Alternative Behaviour,0.0,0.0080645161290322,-0.01256761031782977,lowers risk vs median,Observed late-payment ratio lowers this borrower's model PD relative to replacing it with the training median.
Thin-file,High risk,262556,0.2738204352289417,APP_DAYS_BIRTH,Application,-18809.0,-15741.0,-0.011895656734748905,lowers risk vs median,Age at application lowers this borrower's model PD relative to replacing it with the training median.
Thin-file,Low risk,116198,0.020013763488316887,APP_EXT_SOURCE_2,Application,0.7150195399755866,0.5660715437111392,-0.011299812647800684,lowers risk vs median,External risk score 2 lowers this borrower's model PD relative to replacing it with the training median.
Non-thin-file,High risk,449485,0.24552647505903857,APP_DAYS_EMPLOYED,Application,-1905.0,-1647.0,-0.010869313250354284,lowers risk vs median,Recorded employment duration (sentinel treated as missing) lowers this borrower's model PD relative to replacing it with the training median.
Non-thin-file,Low risk,399990,0.013895373724398436,APP_EXT_SOURCE_3,Application,0.7421816117614419,0.5352762504724826,-0.008748510523424326,lowers risk vs median,External risk score 3 lowers this borrower's model PD relative to replacing it with the training median.
Non-thin-file,Low risk,399990,0.013895373724398436,APP_EXT_SOURCE_2,Application,0.75130580632697,0.5660715437111392,-0.00795470275805089,lowers risk vs median,External risk score 2 lowers this borrower's model PD relative to replacing it with the training median.
Non-thin-file,Low risk,399990,0.013895373724398436,BUREAU_TOTAL_CREDIT,Traditional Bureau,36900000.0,708300.0,-0.0038722114360671064,lowers risk vs median,Total bureau credit lowers this borrower's model PD relative to replacing it with the training median.
Non-thin-file,High risk,449485,0.24552647505903857,APP_INCOME_TOTAL,Application,166500.0,148500.0,-0.0036935207174190465,lowers risk vs median,Current total income lowers this borrower's model PD relative to replacing it with the training median.
Thin-file,High risk,262556,0.2738204352289417,APP_CREDIT_INCOME_RATIO,Application,4.247466666666667,3.269230769230769,-0.003364117273753464,lowers risk vs median,Credit-to-income ratio lowers this borrower's model PD relative to replacing it with the training median.
Non-thin-file,Low risk,399990,0.013895373724398436,INST_LATE_PAYMENT_RATIO,Alternative Behaviour,0.0,0.0080645161290322,-0.0033375495030383458,lowers risk vs median,Observed late-payment ratio lowers this borrower's model PD relative to replacing it with the training median.
Non-thin-file,Low risk,399990,0.013895373724398436,APP_ANNUITY,Application,11430.0,24903.0,-0.0031153792583041816,lowers risk vs median,Current scheduled annuity lowers this borrower's model PD relative to replacing it with the training median.
Non-thin-file,High risk,449485,0.24552647505903857,APP_CREDIT_AMOUNT,Application,628114.5,514777.5,-0.0022758615900240475,lowers risk vs median,Current credit amount lowers this borrower's model PD relative to replacing it with the training median.
Thin-file,Low risk,116198,0.020013763488316887,INST_LATE_PAYMENT_RATIO,Alternative Behaviour,0.0,0.0080645161290322,-0.0022432583787814556,lowers risk vs median,Observed late-payment ratio lowers this borrower's model PD relative to replacing it with the training median.
Thin-file,Low risk,116198,0.020013763488316887,APP_EXT_SOURCE_1,Application,0.6019494218242794,0.5053593582581088,-0.0016744832248251178,lowers risk vs median,External risk score 1 lowers this borrower's model PD relative to replacing it with the training median.
Thin-file,Low risk,116198,0.020013763488316887,APP_DAYS_EMPLOYED,Application,-1801.0,-1647.0,-0.001011194857329447,lowers risk vs median,Recorded employment duration (sentinel treated as missing) lowers this borrower's model PD relative to replacing it with the training median.
Thin-file,Low risk,116198,0.020013763488316887,APP_ANNUITY_INCOME_RATIO,Application,0.1412444444444444,0.1629,-0.0006074304291854016,lowers risk vs median,Annuity-to-income ratio lowers this borrower's model PD relative to replacing it with the training median.
Thin-file,High risk,262556,0.2738204352289417,INST_PAYMENT_MISSING_COUNT,Alternative Behaviour,1.0,0.0,0.14148508957494293,raises risk vs median,Installment records with missing actual-payment details raises this borrower's model PD relative to replacing it with the training median.
Thin-file,High risk,262556,0.2738204352289417,APP_EXT_SOURCE_3,Application,,0.5352762504724826,0.12880726390492792,raises risk vs median,External risk score 3 raises this borrower's model PD relative to replacing it with the training median.
Non-thin-file,High risk,449485,0.24552647505903857,APP_EXT_SOURCE_3,Application,0.2418614865234661,0.5352762504724826,0.1261267877800842,raises risk vs median,External risk score 3 raises this borrower's model PD relative to replacing it with the training median.
Thin-file,High risk,262556,0.2738204352289417,APP_EXT_SOURCE_2,Application,0.1489028251992661,0.5660715437111392,0.12544216850078466,raises risk vs median,External risk score 2 raises this borrower's model PD relative to replacing it with the training median.
Thin-file,High risk,262556,0.2738204352289417,INST_LATE_PAYMENT_RATIO,Alternative Behaviour,0.12,0.0080645161290322,0.09689266089287388,raises risk vs median,Observed late-payment ratio raises this borrower's model PD relative to replacing it with the training median.
Non-thin-file,High risk,449485,0.24552647505903857,APP_EXT_SOURCE_1,Application,,0.5053593582581088,0.08745983630636894,raises risk vs median,External risk score 1 raises this borrower's model PD relative to replacing it with the training median.
Thin-file,High risk,262556,0.2738204352289417,BUREAU_TOTAL_CREDIT,Traditional Bureau,0.0,708300.0,0.08454600275228893,raises risk vs median,Total bureau credit raises this borrower's model PD relative to replacing it with the training median.
Non-thin-file,High risk,449485,0.24552647505903857,APP_EXT_SOURCE_2,Application,0.350482113720829,0.5660715437111392,0.06824425169863896,raises risk vs median,External risk score 2 raises this borrower's model PD relative to replacing it with the training median.
Non-thin-file,High risk,449485,0.24552647505903857,BUREAU_DEBT_RATIO,Traditional Bureau,0.5557236278770755,0.13587542020406845,0.04551092203514756,raises risk vs median,Bureau debt ratio raises this borrower's model PD relative to replacing it with the training median.
Non-thin-file,High risk,449485,0.24552647505903857,BUREAU_AVG_DAYS_CREDIT,Traditional Bureau,-501.25,-926.5833333333334,0.019036456079218333,raises risk vs median,Average bureau credit age raises this borrower's model PD relative to replacing it with the training median.
Thin-file,Low risk,116198,0.020013763488316887,BUREAU_TOTAL_CREDIT,Traditional Bureau,0.0,708300.0,0.007425162298363189,raises risk vs median,Total bureau credit raises this borrower's model PD relative to replacing it with the training median.
Thin-file,Low risk,116198,0.020013763488316887,PREV_APP_COUNT,Alternative Behaviour,8.0,3.0,0.0026820546275114175,raises risk vs median,Previous application count raises this borrower's model PD relative to replacing it with the training median.
Thin-file,Low risk,116198,0.020013763488316887,APP_INCOME_TOTAL,Application,405000.0,148500.0,0.002402287276884605,raises risk vs median,Current total income raises this borrower's model PD relative to replacing it with the training median.
Non-thin-file,Low risk,399990,0.013895373724398436,APP_EXT_SOURCE_1,Application,,0.5053593582581088,0.0022252427298026824,raises risk vs median,External risk score 1 raises this borrower's model PD relative to replacing it with the training median.
Non-thin-file,Low risk,399990,0.013895373724398436,APP_DAYS_EMPLOYED,Application,-725.0,-1647.0,0.001408990201696901,raises risk vs median,Recorded employment duration (sentinel treated as missing) raises this borrower's model PD relative to replacing it with the training median.
Thin-file,Low risk,116198,0.020013763488316887,APP_EXT_SOURCE_3,Application,,0.5352762504724826,0.0010913110971521763,raises risk vs median,External risk score 3 raises this borrower's model PD relative to replacing it with the training median.
Thin-file,Low risk,116198,0.020013763488316887,BUREAU_TOTAL_DEBT,Traditional Bureau,0.0,86629.5,0.0008431169427629698,raises risk vs median,Total bureau debt raises this borrower's model PD relative to replacing it with the training median.
Non-thin-file,Low risk,399990,0.013895373724398436,BUREAU_AVG_DAYS_CREDIT,Traditional Bureau,-2282.75,-926.5833333333334,0.0004999793726892399,raises risk vs median,Average bureau credit age raises this borrower's model PD relative to replacing it with the training median.
Non-thin-file,Low risk,399990,0.013895373724398436,INST_TOTAL_COUNT,Alternative Behaviour,8.0,23.0,0.0004249865655939194,raises risk vs median,Installment record count raises this borrower's model PD relative to replacing it with the training median.
Non-thin-file,Low risk,399990,0.013895373724398436,APP_ANNUITY_INCOME_RATIO,Application,0.0846666666666666,0.1629,0.00036122489454024423,raises risk vs median,Annuity-to-income ratio raises this borrower's model PD relative to replacing it with the training median.
