split,cohort,model,n,roc_auc,pr_auc,brier,log_loss,default_rate
train,Overall,Application + Bureau,215257,0.7734016343221459,0.266594929850497,0.06685080024509521,0.24165028112200584,0.08072675917624049
train,Overall,Application + Bureau + Alternative,215257,0.781719252359525,0.2826913875145345,0.0660862827731367,0.23860205673590668,0.08072675917624049
train,Thin-file,Application + Bureau,30913,0.7362716779831924,0.25553235663912166,0.08455961470395389,0.29538878306961014,0.10209297059489535
train,Thin-file,Application + Bureau + Alternative,30913,0.7610975500168422,0.2941119507268377,0.08227478614825644,0.28677254941502,0.10209297059489535
train,Non-thin-file,Application + Bureau,184344,0.7781765367004904,0.26860611132524964,0.06388117508036678,0.2326387683485698,0.07714381807924316
train,Non-thin-file,Application + Bureau + Alternative,184344,0.7840072117511913,0.2800429826867898,0.06337160149880676,0.2305242541484103,0.07714381807924316
train,APP_EXT_SOURCE_1: missing,Application + Bureau,121292,0.7637174733878243,0.2687741597783183,0.07050458688203713,0.2534242634625011,0.08528179929426508
train,APP_EXT_SOURCE_1: missing,Application + Bureau + Alternative,121292,0.7747621511569239,0.2878736422962,0.06951721340486884,0.2494723443183453,0.08528179929426508
train,APP_EXT_SOURCE_1: present,Application + Bureau,93965,0.7852354853546875,0.2636671591407735,0.06213441554049289,0.2264521768699615,0.07484701750651838
train,APP_EXT_SOURCE_1: present,Application + Bureau + Alternative,93965,0.790112348010875,0.27501899120009243,0.061657565291265176,0.2245704607006899,0.07484701750651838
train,APP_EXT_SOURCE_2: missing,Application + Bureau,457,0.7204301075268817,0.21541870186255407,0.059560707816554474,0.22652142468574737,0.06783369803063458
train,APP_EXT_SOURCE_2: missing,Application + Bureau + Alternative,457,0.7374678176586401,0.25775457351009606,0.05833420417189822,0.22098749641581383,0.06783369803063458
train,APP_EXT_SOURCE_2: present,Application + Bureau,214800,0.7734887756035753,0.266703445015025,0.06686631035794365,0.24168246867969378,0.08075418994413408
train,APP_EXT_SOURCE_2: present,Application + Bureau + Alternative,214800,0.7817840052034893,0.2827791125601285,0.0661027757895276,0.23863953277904582,0.08075418994413408
train,APP_EXT_SOURCE_3: missing,Application + Bureau,42859,0.7422691832694326,0.24549809737527106,0.0782265956350826,0.27724839159781056,0.09353927996453487
train,APP_EXT_SOURCE_3: missing,Application + Bureau + Alternative,42859,0.7649941460542609,0.283476305411943,0.0762251415397626,0.2695400483131346,0.09353927996453487
train,APP_EXT_SOURCE_3: present,Application + Bureau,172398,0.7802321810867673,0.2723505107264915,0.0640227209482387,0.2328004138562457,0.07754150280165663
train,APP_EXT_SOURCE_3: present,Application + Bureau + Alternative,172398,0.7852938410876862,0.2823937632210211,0.06356571207116324,0.23091071819944797,0.07754150280165663
train,Age <25,Application + Bureau,8620,0.7479706681117518,0.31156781188034105,0.0968656858799813,0.32787434219208833,0.12238979118329467
train,Age <25,Application + Bureau + Alternative,8620,0.7548282656158475,0.3203925031729888,0.09607131312380254,0.3251628948403147,0.12238979118329467
train,Age 25-34,Application + Bureau,50742,0.7637718446759637,0.3016050814104183,0.08501647851115651,0.29363919403168076,0.10636159394584369
train,Age 25-34,Application + Bureau + Alternative,50742,0.7729457969619327,0.31846334890258793,0.08402425256807375,0.28999480222457646,0.10636159394584369
train,Age 35-44,Application + Bureau,58991,0.7751991321260703,0.27849118003655204,0.06973279487079997,0.2496708998795271,0.08492820938787272
train,Age 35-44,Application + Bureau + Alternative,58991,0.784328626975685,0.29504662759728734,0.06886310104508507,0.24623933681250743,0.08492820938787272
train,Age 45-54,Application + Bureau,49152,0.7631205445196645,0.23599756474710887,0.05933152770831986,0.22099151717065468,0.06972249348958333
train,Age 45-54,Application + Bureau + Alternative,49152,0.7740791639032845,0.252802854348722,0.05861645011783969,0.21773335713016798,0.06972249348958333
train,Age 55+,Application + Bureau,47752,0.7540281101141257,0.17790189514209406,0.04630892509878579,0.18219732458249002,0.052102529736974365
train,Age 55+,Application + Bureau + Alternative,47752,0.7589062441394197,0.19493069639275756,0.04587080495095576,0.18041145567158332,0.052102529736974365
train,Employment Sentinel-coded,Application + Bureau,38618,0.7514181545536437,0.1836775568075004,0.04772676391534918,0.18695674235262374,0.05388678854420219
train,Employment Sentinel-coded,Application + Bureau + Alternative,38618,0.7579595214461858,0.2043566522097496,0.04723128378093504,0.18487192938232214,0.05388678854420219
train,Employment <1 year,Application + Bureau,19574,0.7537929170351914,0.30431098720569594,0.08913142451218897,0.30619692063866766,0.11162766935731072
train,Employment <1 year,Application + Bureau + Alternative,19574,0.7647038100969431,0.31615911095775745,0.0881712143209726,0.30228206731634355,0.11162766935731072
train,Employment 1-4 years,Application + Bureau,76027,0.7604416786025261,0.296788705872418,0.08354490500969301,0.2901223551440081,0.10389729964354769
train,Employment 1-4 years,Application + Bureau + Alternative,76027,0.769351046295733,0.3128055023521313,0.08253102168034827,0.28649810539986337,0.10389729964354769
train,Employment 5+ years,Application + Bureau,81038,0.7739745937294455,0.2328088600816911,0.05492069822678235,0.20664858792407523,0.06431550630568375
train,Employment 5+ years,Application + Bureau + Alternative,81038,0.7829491841188532,0.2510589649296706,0.05430918728786965,0.20389099080714015,0.06431550630568375
validation,Overall,Application + Bureau,46127,0.7502559294172714,0.2403373093018848,0.06812081410589907,0.24796204993054802,0.08073362672621241
validation,Overall,Application + Bureau + Alternative,46127,0.75772183827761,0.24939322164170544,0.067604631874992,0.24574984242905812,0.08073362672621241
validation,Thin-file,Application + Bureau,6573,0.7131310433432029,0.23494613738079984,0.08237788199106098,0.29219961692204827,0.09767229575536285
validation,Thin-file,Application + Bureau + Alternative,6573,0.7349947553668853,0.25770198465261024,0.08093116655434696,0.28606153066360335,0.09767229575536285
validation,Non-thin-file,Application + Bureau,39554,0.7551955620013553,0.24150279209318423,0.06575160474125404,0.24061074468113886,0.0779187945593366
validation,Non-thin-file,Application + Bureau + Alternative,39554,0.7605342471388538,0.24812125652912384,0.0653900565489213,0.23905093140196446,0.0779187945593366
validation,APP_EXT_SOURCE_1: missing,Application + Bureau,25914,0.7498122578272848,0.24621713092604144,0.07109048654663011,0.256593851357451,0.08474183838851586
validation,APP_EXT_SOURCE_1: missing,Application + Bureau + Alternative,25914,0.7567941988676605,0.25639607176188184,0.07048631828572761,0.2542514765559572,0.08474183838851586
validation,APP_EXT_SOURCE_1: present,Application + Bureau,20213,0.7502002754400245,0.23251458903025155,0.06431355681459619,0.23689568164396202,0.07559491416415179
validation,APP_EXT_SOURCE_1: present,Application + Bureau + Alternative,20213,0.7582935677889284,0.24017670142725925,0.06391017673979171,0.23485035463583293,0.07559491416415179
validation,APP_EXT_SOURCE_2: missing,Application + Bureau,103,0.6897435897435897,0.3092304528520323,0.10906233195532762,0.3816447774137186,0.1262135922330097
validation,APP_EXT_SOURCE_2: missing,Application + Bureau + Alternative,103,0.7111111111111111,0.33353671794398615,0.10810212551190314,0.3786832627190538,0.1262135922330097
validation,APP_EXT_SOURCE_2: present,Application + Bureau,46024,0.7505680246942332,0.24047182478241214,0.06802918851189395,0.2476628729591686,0.08063184425517121
validation,APP_EXT_SOURCE_2: present,Application + Bureau + Alternative,46024,0.7580079631753056,0.24952527933144733,0.06751399999065769,0.24545234237930433,0.08063184425517121
validation,APP_EXT_SOURCE_3: missing,Application + Bureau,9066,0.7193902974774651,0.2296272391968578,0.0766699817395006,0.2756005550858078,0.09022722258989632
validation,APP_EXT_SOURCE_3: missing,Application + Bureau + Alternative,9066,0.7375988311013828,0.2548711167341309,0.07523749886707798,0.27002348780981666,0.09022722258989632
validation,APP_EXT_SOURCE_3: present,Application + Bureau,37061,0.7570854923049782,0.24395661259419993,0.06602948484424309,0.24120101575074754,0.07841126790966245
validation,APP_EXT_SOURCE_3: present,Application + Bureau + Alternative,37061,0.7622303206013071,0.24857126965044138,0.06573745149264258,0.23981193279299984,0.07841126790966245
validation,Age <25,Application + Bureau,1861,0.7222761584780522,0.27110136705247934,0.09793434914364775,0.33337017198509356,0.12036539494895218
validation,Age <25,Application + Bureau + Alternative,1861,0.7241033248974604,0.27422408502770895,0.0977010893516954,0.3322605949307792,0.12036539494895218
validation,Age 25-34,Application + Bureau,10920,0.7450733405212193,0.2818913267351406,0.08755711056275327,0.30294067482271503,0.10815018315018315
validation,Age 25-34,Application + Bureau + Alternative,10920,0.7544708596311226,0.2936545088959584,0.08684505383286346,0.2998758901975546,0.10815018315018315
validation,Age 35-44,Application + Bureau,12661,0.7379199031492736,0.24166980058433246,0.0708836542614652,0.25743783318016394,0.08380064765816286
validation,Age 35-44,Application + Bureau + Alternative,12661,0.7480208164061231,0.24888998096510564,0.07024151457887653,0.2545496281204129,0.08380064765816286
validation,Age 45-54,Application + Bureau,10461,0.7352698929875666,0.21023715279250926,0.06193359067724054,0.23164184904396187,0.07150368033648791
validation,Age 45-54,Application + Bureau + Alternative,10461,0.741578489823716,0.22329895396391256,0.06146126922985967,0.22984280097268484,0.07150368033648791
validation,Age 55+,Application + Bureau,10224,0.7423498326652053,0.16163819888073513,0.04484390478112163,0.17865861006212258,0.04988262910798122
validation,Age 55+,Application + Bureau + Alternative,10224,0.7446689031799667,0.16902056367264606,0.04459653617592563,0.17757070725683546,0.04988262910798122
validation,Employment Sentinel-coded,Application + Bureau,8264,0.7398989414854062,0.17170110016482015,0.04754164388845439,0.18743295225257736,0.05324298160696999
validation,Employment Sentinel-coded,Application + Bureau + Alternative,8264,0.7402868795315114,0.1732646453216478,0.047464319932614275,0.18698657028725546,0.05324298160696999
validation,Employment <1 year,Application + Bureau,4265,0.7183950274397854,0.2486583656953299,0.08741802603647097,0.30561347519806714,0.10480656506447832
validation,Employment <1 year,Application + Bureau + Alternative,4265,0.7320018328346943,0.2661642191338371,0.08634939701158705,0.3012640217202473,0.10480656506447832
validation,Employment 1-4 years,Application + Bureau,16202,0.7453482961529484,0.2893967091135283,0.08625398299188555,0.299552669134821,0.1065300580175287
validation,Employment 1-4 years,Application + Bureau + Alternative,16202,0.7517347608876417,0.29438037973423536,0.08562654856194092,0.29723924547178854,0.1065300580175287
validation,Employment 5+ years,Application + Bureau,17396,0.7337317366983859,0.1847439017858354,0.05627728981884,0.21453240645487254,0.0638652563807772
validation,Employment 5+ years,Application + Bureau + Alternative,17396,0.7448110239332192,0.19841052866145767,0.05579168754424268,0.21209960089103896,0.0638652563807772
test,Overall,Application + Bureau,46127,0.7490049856128321,0.23851334690383275,0.06812740048300592,0.24821153761464623,0.08073362672621241
test,Overall,Application + Bureau + Alternative,46127,0.7579041587379324,0.2509442319102656,0.06753704739664283,0.24553750242671463,0.08073362672621241
test,Thin-file,Application + Bureau,6534,0.7179431117424854,0.24157455229847766,0.08455389558954962,0.29805451293556373,0.10085705540250994
test,Thin-file,Application + Bureau + Alternative,6534,0.737646595421819,0.27866961319318784,0.08266180821944583,0.29118733693309184,0.10085705540250994
test,Non-thin-file,Application + Bureau,39593,0.7527995954208674,0.2383439046955325,0.0654165495996135,0.23998599267622592,0.07741267395751775
test,Non-thin-file,Application + Bureau + Alternative,39593,0.7601623086162779,0.24565247776129215,0.06504102064403014,0.23800394804425642,0.07741267395751775
test,APP_EXT_SOURCE_1: missing,Application + Bureau,26172,0.7450193233324168,0.24278163765757857,0.07164484206646987,0.2587357186530274,0.08524377197004432
test,APP_EXT_SOURCE_1: missing,Application + Bureau + Alternative,26172,0.7564554286496663,0.25966306890317653,0.07081701204079956,0.2551148317107813,0.08524377197004432
test,APP_EXT_SOURCE_1: present,Application + Bureau,19955,0.752806456127947,0.23252907269871156,0.06351409649290728,0.2344085375576925,0.07481834126785267
test,APP_EXT_SOURCE_1: present,Application + Bureau + Alternative,19955,0.7583064302606545,0.23838819542658773,0.06323520652132988,0.23297634672525677,0.07481834126785267
test,APP_EXT_SOURCE_2: missing,Application + Bureau,100,0.48777173913043476,0.09365654456314267,0.07605032560763517,0.2998433907241258,0.08
test,APP_EXT_SOURCE_2: missing,Application + Bureau + Alternative,100,0.5230978260869565,0.18238156909305164,0.0727477660816316,0.2902788874942754,0.08
test,APP_EXT_SOURCE_2: present,Application + Bureau,46027,0.7495002183966646,0.2388205411639938,0.06811018683639714,0.24809936029891963,0.08073522063136855
test,APP_EXT_SOURCE_2: present,Application + Bureau + Alternative,46027,0.7583338826429007,0.25114794543509344,0.06752572639226499,0.2454402956023126,0.08073522063136855
test,APP_EXT_SOURCE_3: missing,Application + Bureau,9040,0.7184531351001938,0.2275374935438755,0.07969670308246622,0.2843131513152975,0.09402654867256637
test,APP_EXT_SOURCE_3: missing,Application + Bureau + Alternative,9040,0.733583423112835,0.26032164164526184,0.07820355120402742,0.27898487581073583,0.09402654867256637
test,APP_EXT_SOURCE_3: present,Application + Bureau,37087,0.7553126844779221,0.2419121812458766,0.0653073693265597,0.23941172668753197,0.0774934613206784
test,APP_EXT_SOURCE_3: present,Application + Bureau + Alternative,37087,0.7629565779944101,0.2489710006476306,0.06493707451075946,0.2373846657078765,0.0774934613206784
test,Age <25,Application + Bureau,1752,0.6943680419122462,0.2445386563825572,0.10629450358852578,0.35828020032937063,0.1284246575342466
test,Age <25,Application + Bureau + Alternative,1752,0.6954289456450555,0.2501538426163314,0.10564385994590299,0.35624101805560593,0.1284246575342466
test,Age 25-34,Application + Bureau,10767,0.7456882727564291,0.286518031576233,0.08594135479630136,0.29872395388720563,0.10615770409584843
test,Age 25-34,Application + Bureau + Alternative,10767,0.7548086258544366,0.30001977991149614,0.0850564729721541,0.2954757902518415,0.10615770409584843
test,Age 35-44,Application + Bureau,12609,0.7497928526289557,0.2261410882111884,0.06841086432344602,0.24852144723469674,0.08041874851296693
test,Age 35-44,Application + Bureau + Alternative,12609,0.7602231118799933,0.23787474888972027,0.06781994952130216,0.24559037120451188,0.08041874851296693
test,Age 45-54,Application + Bureau,10577,0.7525036287637761,0.2272984376679078,0.062289305089845086,0.23090012311276795,0.07289401531625224
test,Age 45-54,Application + Bureau + Alternative,10577,0.7635978448833438,0.2421683910801579,0.06169851364028837,0.22792358319960582,0.07289401531625224
test,Age 55+,Application + Bureau,10422,0.7055569313773474,0.17732423667121017,0.048889608185676316,0.1947177454158654,0.05478794857033199
test,Age 55+,Application + Bureau + Alternative,10422,0.7152957348200979,0.18779526810349892,0.04861479330849261,0.19314810469604177,0.05478794857033199
test,Employment Sentinel-coded,Application + Bureau,8492,0.7164614951630268,0.17559227049887205,0.049217427021534726,0.19469153464656044,0.05522845030617051
test,Employment Sentinel-coded,Application + Bureau + Alternative,8492,0.7258008492109704,0.1900287388930647,0.04889137960535817,0.19302027967184554,0.05522845030617051
test,Employment <1 year,Application + Bureau,4143,0.7409720296526353,0.2763434436165333,0.08599210048835253,0.2997001518733327,0.1057204923968139
test,Employment <1 year,Application + Bureau + Alternative,4143,0.7389132296846789,0.2819816703220762,0.08577610405921424,0.29958406409071486,0.1057204923968139
test,Employment 1-4 years,Application + Bureau,16145,0.7352234278422951,0.26988012886430046,0.08709647027172056,0.3029941959888077,0.10641065345308146
test,Employment 1-4 years,Application + Bureau + Alternative,16145,0.7458980392878346,0.2852816283175619,0.08616388121159509,0.2993257302458133,0.10641065345308146
test,Employment 5+ years,Application + Bureau,17347,0.7453796231209697,0.19628711325888515,0.05546321709532304,0.21112780653033242,0.06335389404507984
test,Employment 5+ years,Application + Bureau + Alternative,17347,0.7576005714877094,0.20659771001476898,0.05497259055616043,0.2082774812427087,0.06335389404507984
