cohort,target_validation_approval_rate,model,threshold_selected_on,threshold,validation_approval_rate,test_n,test_TP,test_TN,test_FP,test_FN,test_precision,test_recall,test_approval_rate,test_rejection_rate,test_default_rate_among_approved,test_expected_cost,test_normalized_expected_cost
Overall,0.5,Application + Bureau,own validation predictions,0.05313400329288087,0.49998916036161034,46127,3008,22235,20168,716,0.1297894373489817,0.807733619763695,0.49756108136232574,0.5024389186376742,0.031196897738660623,20884,0.4527500162594576
Overall,0.5,Application + Bureau + Alternative,own validation predictions,0.05170734988647599,0.49998916036161034,46127,3049,22346,20057,675,0.13195706742837357,0.8187432867883996,0.49907863073687864,0.5009213692631214,0.02932105468919682,20732,0.44945476618899993
Overall,0.7,Application + Bureau,own validation predictions,0.08703521079868536,0.7000021679276779,46127,2376,30945,11458,1348,0.1717507589995663,0.6380236305048335,0.7000888850347953,0.2999111149652048,0.04174279255566222,12806,0.27762481843605696
Overall,0.7,Application + Bureau + Alternative,own validation predictions,0.08628004730898141,0.7000021679276779,46127,2425,31023,11380,1299,0.17566099239406013,0.6511815252416756,0.7007175840613957,0.2992824159386043,0.0401893447187674,12679,0.2748715502850825
Overall,0.9,Application + Bureau,own validation predictions,0.179653433805623,0.8999934962169662,46127,1219,39030,3373,2505,0.2654616724738676,0.32733619763694954,0.900448761029332,0.09955123897066794,0.060310581437342,5878,0.127430788908882
Overall,0.9,Application + Bureau + Alternative,own validation predictions,0.18351129031108335,0.8999934962169662,46127,1262,39131,3272,2462,0.278341420379356,0.3388829215896885,0.901706159082533,0.098293840917467,0.05919265260981415,5734,0.12430897305265896
Thin-file,0.5,Application + Bureau,own validation predictions,0.07850520386060497,0.4999239312338354,6534,499,3115,2760,160,0.15311445228597728,0.7572078907435509,0.5012243648607285,0.4987756351392715,0.04885496183206107,2920,0.44689317416590146
Thin-file,0.5,Application + Bureau + Alternative,own validation predictions,0.07294200015729517,0.4999239312338354,6534,523,3092,2783,136,0.15819721718088325,0.7936267071320182,0.49403122130394855,0.5059687786960514,0.042131350681536554,2919,0.44674012855831036
Thin-file,0.7,Application + Bureau,own validation predictions,0.11418999068537784,0.6999847862467671,6534,389,4264,1611,270,0.1945,0.590288315629742,0.6939087848178758,0.3060912151821243,0.05955006616674018,1881,0.2878787878787879
Thin-file,0.7,Application + Bureau + Alternative,own validation predictions,0.11261801376590186,0.6999847862467671,6534,406,4302,1573,253,0.20515411824153612,0.6160849772382397,0.697122742577288,0.302877257422712,0.055543358946212956,1826,0.27946127946127947
Thin-file,0.9,Application + Bureau,own validation predictions,0.20550035073014147,0.8998935037273695,6534,181,5418,457,478,0.2836990595611285,0.2746585735963581,0.9023569023569024,0.09764309764309764,0.0810719131614654,935,0.14309764309764308
Thin-file,0.9,Application + Bureau + Alternative,own validation predictions,0.21336843696722388,0.8998935037273695,6534,199,5431,444,460,0.3094867807153966,0.30197268588770865,0.901591674318947,0.09840832568105295,0.07808521473434052,904,0.13835322926232016
Non-thin-file,0.5,Application + Bureau,own validation predictions,0.049217102133458444,0.5,39593,2495,19089,17439,570,0.1251630380254841,0.8140293637846656,0.49652716389260726,0.5034728361073927,0.02899435373111552,18009,0.45485313060389465
Non-thin-file,0.5,Application + Bureau + Alternative,own validation predictions,0.04847560518123346,0.5,39593,2522,19163,17365,543,0.12681651330014582,0.8228384991843393,0.4977142424165888,0.5022857575834112,0.027555059372779862,17908,0.452302174626828
Non-thin-file,0.7,Application + Bureau,own validation predictions,0.08139641610705474,0.7000050563786216,39593,1981,26554,9974,1084,0.1657047260560435,0.6463295269168026,0.6980526860808729,0.3019473139191271,0.03922136189304581,11058,0.2792917940039906
Non-thin-file,0.7,Application + Bureau + Alternative,own validation predictions,0.08115574157539376,0.7000050563786216,39593,2003,26699,9829,1062,0.1692866801893171,0.6535073409461664,0.7011592958351224,0.2988407041648776,0.03825510608407478,10891,0.2750738766953754
Non-thin-file,0.9,Application + Bureau,own validation predictions,0.17378867728026381,0.899984830864135,39593,1044,33632,2896,2021,0.2649746192893401,0.3406199021207178,0.9004874599045286,0.09951254009547142,0.05668527192662609,4917,0.1241886192003637
Non-thin-file,0.9,Application + Bureau + Alternative,own validation predictions,0.17639520421089244,0.899984830864135,39593,1055,33678,2850,2010,0.2701664532650448,0.3442088091353997,0.9013714545500467,0.09862854544995328,0.056321452589105585,4860,0.12274897077766272
