split,model,roc_auc,pr_auc,brier,log_loss
train,Application,0.7649172306613539,0.2517971073945381,0.06752316015029548,0.24449064443855503
train,Application + Bureau,0.7734016343221459,0.266594929850497,0.06688921042370072,0.2418354927020558
train,Application + Bureau + Alternative,0.781719252359525,0.2826913875145345,0.06612757292567639,0.23879224845278946
validation,Application,0.7468375822718702,0.2380902546948129,0.06826179764084024,0.2488213704876437
validation,Application + Bureau,0.7502559294172714,0.2403373093018848,0.0681227278302552,0.24798102755526136
validation,Application + Bureau + Alternative,0.75772183827761,0.24939322164170544,0.0676069454010422,0.24576724664279595
test,Application,0.7446237280598952,0.23023118795746017,0.06849846279352319,0.24972908209951436
test,Application + Bureau,0.7490049856128321,0.23851334690383275,0.0681282853576897,0.2482222565366709
test,Application + Bureau + Alternative,0.7579041587379324,0.2509442319102656,0.06754137776884318,0.24556214895272135
