split,feature,missing_n,missing_rate,present_n
train,APP_EXT_SOURCE_1,121292,0.5634752876793786,93965
train,APP_EXT_SOURCE_2,457,0.0021230436176291594,214800
train,APP_EXT_SOURCE_3,42859,0.19910618470014912,172398
validation,APP_EXT_SOURCE_1,25914,0.5617967784594706,20213
validation,APP_EXT_SOURCE_2,103,0.0022329655082706443,46024
validation,APP_EXT_SOURCE_3,9066,0.19654432328137533,37061
test,APP_EXT_SOURCE_1,26172,0.5673900318685369,19955
test,APP_EXT_SOURCE_2,100,0.002167927677932664,46027
test,APP_EXT_SOURCE_3,9040,0.19598066208511283,37087
