split,cohort,model,n,roc_auc,pr_auc,brier,log_loss
validation,Overall,Application,46127,0.7468375822718702,0.2380902546948129,0.06826179764084024,0.2488213704876437
validation,Overall,Application + Bureau,46127,0.7502559294172714,0.2403373093018848,0.0681227278302552,0.24798102755526136
validation,Overall,Application + Bureau + Alternative,46127,0.75772183827761,0.24939322164170544,0.0676069454010422,0.24576724664279595
validation,Thin-file,Application,6573,0.7116013805702233,0.2385991114919484,0.08236912923087002,0.2924828256863341
validation,Thin-file,Application + Bureau,6573,0.7131310433432029,0.23494613738079984,0.08238119802061843,0.29220717120897594
validation,Thin-file,Application + Bureau + Alternative,6573,0.7349947553668853,0.25770198465261024,0.08093613922248379,0.2860842503999831
validation,Non-thin-file,Application,39554,0.7514656777054862,0.2384160097816851,0.06591747113678842,0.24156580227656538
validation,Non-thin-file,Application + Bureau,39554,0.7551955620013553,0.24150279209318423,0.06575328543349994,0.24063162061194676
validation,Non-thin-file,Application + Bureau + Alternative,39554,0.7605342471388538,0.24812125652912384,0.06539192818436791,0.23906745229340037
test,Overall,Application,46127,0.7446237280598952,0.23023118795746017,0.06849846279352319,0.24972908209951436
test,Overall,Application + Bureau,46127,0.7490049856128321,0.23851334690383275,0.0681282853576897,0.2482222565366709
test,Overall,Application + Bureau + Alternative,46127,0.7579041587379324,0.2509442319102656,0.06754137776884318,0.24556214895272135
test,Thin-file,Application,6534,0.7202413715171279,0.24245164909103165,0.08451033755607751,0.2979699366910844
test,Thin-file,Application + Bureau,6534,0.7179431117424854,0.24157455229847766,0.08457087239987941,0.2980940688692624
test,Thin-file,Application + Bureau + Alternative,6534,0.737646595421819,0.27866961319318784,0.08269172547024925,0.29125215410688493
test,Non-thin-file,Application,39593,0.7475738381926418,0.22826475641786745,0.06585603636212041,0.2417679338182192
test,Non-thin-file,Application + Bureau,39593,0.7527995954208674,0.2383439046955325,0.06541477883548456,0.2399919526500962
test,Non-thin-file,Application + Bureau + Alternative,39593,0.7601623086162779,0.24565247776129215,0.06504112843484507,0.23802196524152736
