feature,split,n,missing_rate,mean,median,p10,p90,psi_vs_train
INST_LATE_PAYMENT_RATIO,train,215257,1.8582438666338377e-05,0.07209688774566665,0.0080645161290322,0.0,0.2307692307692307,0.0
INST_LATE_PAYMENT_RATIO,validation,46127,2.167927677932664e-05,0.07183841039347223,0.00625,0.0,0.2333333333333333,0.0002237436077408012
INST_LATE_PAYMENT_RATIO,test,46127,6.503783033797993e-05,0.0710870352432161,0.007326105624731599,0.0,0.2288135593220339,0.00023043471756897793
BUREAU_DEBT_RATIO,train,215257,0.027525237274513722,0.2472949821741741,0.13587542020406845,0.0,0.6970660658753169,0.0
BUREAU_DEBT_RATIO,validation,46127,0.02627528345654389,0.24867325333014392,0.1367596236866308,0.0,0.6983352564102564,0.00021161599777565942
BUREAU_DEBT_RATIO,test,46127,0.02601513213519197,0.2479232775428939,0.1381727390419826,0.0,0.6933488756644004,0.0002001418900724882
PREV_APPROVED_COUNT,train,215257,0.0,2.884008417844716,2.0,1.0,6.0,0.0
PREV_APPROVED_COUNT,validation,46127,0.0,2.8646996336202224,2.0,1.0,6.0,0.000132759668249628
PREV_APPROVED_COUNT,test,46127,0.0,2.8867257788280183,2.0,1.0,6.0,9.10224215120286e-05
APP_EXT_SOURCE_2,train,215257,0.0021230436176291594,0.5144550078211805,0.5660715437111392,0.21580646137078294,0.7221217686692954,0.0
APP_EXT_SOURCE_2,validation,46127,0.0022329655082706443,0.5139955258791372,0.5654080536539862,0.21483549637734622,0.7218566562667169,0.00013387487165466156
APP_EXT_SOURCE_2,test,46127,0.002167927677932664,0.5144988960104587,0.5658701040433992,0.2162008509450325,0.7218325074735211,6.6855342796314e-05
APP_EXT_SOURCE_3,train,215257,0.19910618470014912,0.5109362508971462,0.5352762504724826,0.2276129150623945,0.7490217048463391,0.0
APP_EXT_SOURCE_3,validation,46127,0.19654432328137533,0.5110931847004522,0.5352762504724826,0.2314393514998941,0.7503751495159068,0.00015488168386469181
APP_EXT_SOURCE_3,test,46127,0.19598066208511283,0.5102253702563208,0.5370699579791587,0.2263473957097693,0.7503751495159068,0.0002575904026121514
