split,model,roc_auc,pr_auc,brier,log_loss,model_type
validation,Application,0.7315748044700139,0.2147446878033992,0.2103904687990198,0.6090521732078916,Logistic Regression
validation,Application + Bureau,0.7340618164011813,0.2187162852173799,0.2096093192778979,0.6071538804322388,Logistic Regression
validation,Application + Bureau + Alternative,0.7424212760010571,0.2228551140419206,0.2064022605681825,0.600722402634423,Logistic Regression
test,Application,0.7294176285532763,0.2085955611313596,0.2104764062574928,0.609418327478542,Logistic Regression
test,Application + Bureau,0.7324238389999005,0.2121721020828579,0.2094409134305893,0.6070294679624465,Logistic Regression
test,Application + Bureau + Alternative,0.7414468589496724,0.2216763510650707,0.2056482259756102,0.599152903977263,Logistic Regression
validation,Application,0.7468375822718702,0.2380902546948129,0.06826179764084024,0.2488213704876437,HistGradientBoostingClassifier
validation,Application + Bureau,0.7502559294172714,0.2403373093018848,0.0681227278302552,0.24798102755526136,HistGradientBoostingClassifier
validation,Application + Bureau + Alternative,0.75772183827761,0.24939322164170544,0.0676069454010422,0.24576724664279595,HistGradientBoostingClassifier
test,Application,0.7446237280598952,0.23023118795746017,0.06849846279352319,0.24972908209951436,HistGradientBoostingClassifier
test,Application + Bureau,0.7490049856128321,0.23851334690383275,0.0681282853576897,0.2482222565366709,HistGradientBoostingClassifier
test,Application + Bureau + Alternative,0.7579041587379324,0.2509442319102656,0.06754137776884318,0.24556214895272135,HistGradientBoostingClassifier
